File,Dir,Participant,Valence,Veracity,Matched_Component,Reason
PPG_BF001_2NL_20250724_114031.csv,C:\Users\benja\OneDrive\Desktop\PPG-Veracity\Negative Lies,BF001,Negative,Lie,PPG_BF001_2NL_20250724_114031.csv [NL],
PPG_BF002_2NL_20250724_114251.csv,C:\Users\benja\OneDrive\Desktop\PPG-Veracity\Negative Lies,BF002,Negative,Lie,PPG_BF002_2NL_20250724_114251.csv [NL],
PPG_BF003_2NL_20250724_114507.csv,C:\Users\benja\OneDrive\Desktop\PPG-Veracity\Negative Lies,BF003,Negative,Lie,PPG_BF003_2NL_20250724_114507.csv [NL],
PPG_BF004_2NL_20250724_114717.csv,C:\Users\benja\OneDrive\Desktop\PPG-Veracity\Negative Lies,BF004,Negative,Lie,PPG_BF004_2NL_20250724_114717.csv [NL],
PPG_BF006_2NL_20250724_114936.csv,C:\Users\benja\OneDrive\Desktop\PPG-Veracity\Negative Lies,BF006,Negative,Lie,PPG_BF006_2NL_20250724_114936.csv [NL],
PPG_BF008_2NL_20250724_121220.csv,C:\Users\benja\OneDrive\Desktop\PPG-Veracity\Negative Lies,BF008,Negative,Lie,PPG_BF008_2NL_20250724_121220.csv [NL],
PPG_BF013_2NL_20250724_125534.csv,C:\Users\benja\OneDrive\Desktop\PPG-Veracity\Negative Lies,BF013,Negative,Lie,PPG_BF013_2NL_20250724_125534.csv [NL],
PPG_BF014_2NL_20250724_125753.csv,C:\Users\benja\OneDrive\Desktop\PPG-Veracity\Negative Lies,BF014,Negative,Lie,PPG_BF014_2NL_20250724_125753.csv [NL],
PPG_BF015_2NL_20250724_130015.csv,C:\Users\benja\OneDrive\Desktop\PPG-Veracity\Negative Lies,BF015,Negative,Lie,PPG_BF015_2NL_20250724_130015.csv [NL],
PPG_BF016_2NL_20250724_130341.csv,C:\Users\benja\OneDrive\Desktop\PPG-Veracity\Negative Lies,BF016,Negative,Lie,PPG_BF016_2NL_20250724_130341.csv [NL],
PPG_BF018_2NL_20250724_130614.csv,C:\Users\benja\OneDrive\Desktop\PPG-Veracity\Negative Lies,BF018,Negative,Lie,PPG_BF018_2NL_20250724_130614.csv [NL],
PPG_BF019_2NL_20250724_131059.csv,C:\Users\benja\OneDrive\Desktop\PPG-Veracity\Negative Lies,BF019,Negative,Lie,PPG_BF019_2NL_20250724_131059.csv [NL],
PPG_BF020_2NL_20250724_132017.csv,C:\Users\benja\OneDrive\Desktop\PPG-Veracity\Negative Lies,BF020,Negative,Lie,PPG_BF020_2NL_20250724_132017.csv [NL],
PPG_BF022_2NL_20250724_132238.csv,C:\Users\benja\OneDrive\Desktop\PPG-Veracity\Negative Lies,BF022,Negative,Lie,PPG_BF022_2NL_20250724_132238.csv [NL],
PPG_BF023_2NL_20250724_132454.csv,C:\Users\benja\OneDrive\Desktop\PPG-Veracity\Negative Lies,BF023,Negative,Lie,PPG_BF023_2NL_20250724_132454.csv [NL],
PPG_BF024_2NL_20250724_132718.csv,C:\Users\benja\OneDrive\Desktop\PPG-Veracity\Negative Lies,BF024,Negative,Lie,PPG_BF024_2NL_20250724_132718.csv [NL],
PPG_BF025_2NL_20250724_132937.csv,C:\Users\benja\OneDrive\Desktop\PPG-Veracity\Negative Lies,BF025,Negative,Lie,PPG_BF025_2NL_20250724_132937.csv [NL],
PPG_BF027_2NL_20250724_133151.csv,C:\Users\benja\OneDrive\Desktop\PPG-Veracity\Negative Lies,BF027,Negative,Lie,PPG_BF027_2NL_20250724_133151.csv [NL],
PPG_BF028_2NL_20250724_133404.csv,C:\Users\benja\OneDrive\Desktop\PPG-Veracity\Negative Lies,BF028,Negative,Lie,PPG_BF028_2NL_20250724_133404.csv [NL],
PPG_BF033_2NL_20250724_133632.csv,C:\Users\benja\OneDrive\Desktop\PPG-Veracity\Negative Lies,BF033,Negative,Lie,PPG_BF033_2NL_20250724_133632.csv [NL],
PPG_BM003_2NL_20250724_133853.csv,C:\Users\benja\OneDrive\Desktop\PPG-Veracity\Negative Lies,BM003,Negative,Lie,PPG_BM003_2NL_20250724_133853.csv [NL],
PPG_BM004_2NL_20250724_134110.csv,C:\Users\benja\OneDrive\Desktop\PPG-Veracity\Negative Lies,BM004,Negative,Lie,PPG_BM004_2NL_20250724_134110.csv [NL],
PPG_BM005_2NL_20250724_134334.csv,C:\Users\benja\OneDrive\Desktop\PPG-Veracity\Negative Lies,BM005,Negative,Lie,PPG_BM005_2NL_20250724_134334.csv [NL],
PPG_BM006_2NL_20250724_134543.csv,C:\Users\benja\OneDrive\Desktop\PPG-Veracity\Negative Lies,BM006,Negative,Lie,PPG_BM006_2NL_20250724_134543.csv [NL],
PPG_BM007_2NL_20250724_134757.csv,C:\Users\benja\OneDrive\Desktop\PPG-Veracity\Negative Lies,BM007,Negative,Lie,PPG_BM007_2NL_20250724_134757.csv [NL],
PPG_BM008_2NL_20250724_135008.csv,C:\Users\benja\OneDrive\Desktop\PPG-Veracity\Negative Lies,BM008,Negative,Lie,PPG_BM008_2NL_20250724_135008.csv [NL],
PPG_BM009_2NL_20250724_135217.csv,C:\Users\benja\OneDrive\Desktop\PPG-Veracity\Negative Lies,BM009,Negative,Lie,PPG_BM009_2NL_20250724_135217.csv [NL],
PPG_BM010_2NL_20250724_135445.csv,C:\Users\benja\OneDrive\Desktop\PPG-Veracity\Negative Lies,BM010,Negative,Lie,PPG_BM010_2NL_20250724_135445.csv [NL],
PPG_BM012_2NL_20250724_135704.csv,C:\Users\benja\OneDrive\Desktop\PPG-Veracity\Negative Lies,BM012,Negative,Lie,PPG_BM012_2NL_20250724_135704.csv [NL],
PPG_BM013_2NL_20250724_135918.csv,C:\Users\benja\OneDrive\Desktop\PPG-Veracity\Negative Lies,BM013,Negative,Lie,PPG_BM013_2NL_20250724_135918.csv [NL],
PPG_BM014_2NL_20250724_140135.csv,C:\Users\benja\OneDrive\Desktop\PPG-Veracity\Negative Lies,BM014,Negative,Lie,PPG_BM014_2NL_20250724_140135.csv [NL],
PPG_BM015_2NL_20250724_140348.csv,C:\Users\benja\OneDrive\Desktop\PPG-Veracity\Negative Lies,BM015,Negative,Lie,PPG_BM015_2NL_20250724_140348.csv [NL],
PPG_BM016_2NL_20250724_140611.csv,C:\Users\benja\OneDrive\Desktop\PPG-Veracity\Negative Lies,BM016,Negative,Lie,PPG_BM016_2NL_20250724_140611.csv [NL],
PPG_BM017_2NL_20250724_140833.csv,C:\Users\benja\OneDrive\Desktop\PPG-Veracity\Negative Lies,BM017,Negative,Lie,PPG_BM017_2NL_20250724_140833.csv [NL],
PPG_BM018_2NL_20250724_141058.csv,C:\Users\benja\OneDrive\Desktop\PPG-Veracity\Negative Lies,BM018,Negative,Lie,PPG_BM018_2NL_20250724_141058.csv [NL],
PPG_BM020_2NL_20250724_141345.csv,C:\Users\benja\OneDrive\Desktop\PPG-Veracity\Negative Lies,BM020,Negative,Lie,PPG_BM020_2NL_20250724_141345.csv [NL],
PPG_BM021_2NL_20250724_141607.csv,C:\Users\benja\OneDrive\Desktop\PPG-Veracity\Negative Lies,BM021,Negative,Lie,PPG_BM021_2NL_20250724_141607.csv [NL],
PPG_BM024_2NL_20250724_141841.csv,C:\Users\benja\OneDrive\Desktop\PPG-Veracity\Negative Lies,BM024,Negative,Lie,PPG_BM024_2NL_20250724_141841.csv [NL],
PPG_BM026_2NL_20250724_142102.csv,C:\Users\benja\OneDrive\Desktop\PPG-Veracity\Negative Lies,BM026,Negative,Lie,PPG_BM026_2NL_20250724_142102.csv [NL],
PPG_BM027_2NL_20250724_142338.csv,C:\Users\benja\OneDrive\Desktop\PPG-Veracity\Negative Lies,BM027,Negative,Lie,PPG_BM027_2NL_20250724_142338.csv [NL],
PPG_WF002_2NL_20250724_142557.csv,C:\Users\benja\OneDrive\Desktop\PPG-Veracity\Negative Lies,WF002,Negative,Lie,PPG_WF002_2NL_20250724_142557.csv [NL],
PPG_WF003_2NL_20250724_142807.csv,C:\Users\benja\OneDrive\Desktop\PPG-Veracity\Negative Lies,WF003,Negative,Lie,PPG_WF003_2NL_20250724_142807.csv [NL],
PPG_WF005_2NL_20250724_143025.csv,C:\Users\benja\OneDrive\Desktop\PPG-Veracity\Negative Lies,WF005,Negative,Lie,PPG_WF005_2NL_20250724_143025.csv [NL],
PPG_WF006_2NL_20250724_143251.csv,C:\Users\benja\OneDrive\Desktop\PPG-Veracity\Negative Lies,WF006,Negative,Lie,PPG_WF006_2NL_20250724_143251.csv [NL],
PPG_WF007_2NL_20250724_143522.csv,C:\Users\benja\OneDrive\Desktop\PPG-Veracity\Negative Lies,WF007,Negative,Lie,PPG_WF007_2NL_20250724_143522.csv [NL],
PPG_WF009_2NL_20250724_143749.csv,C:\Users\benja\OneDrive\Desktop\PPG-Veracity\Negative Lies,WF009,Negative,Lie,PPG_WF009_2NL_20250724_143749.csv [NL],
PPG_WF010_2NL_20250724_144016.csv,C:\Users\benja\OneDrive\Desktop\PPG-Veracity\Negative Lies,WF010,Negative,Lie,PPG_WF010_2NL_20250724_144016.csv [NL],
PPG_WF011_2NL_20250724_144235.csv,C:\Users\benja\OneDrive\Desktop\PPG-Veracity\Negative Lies,WF011,Negative,Lie,PPG_WF011_2NL_20250724_144235.csv [NL],
PPG_WF012_2NL_20250724_144500.csv,C:\Users\benja\OneDrive\Desktop\PPG-Veracity\Negative Lies,WF012,Negative,Lie,PPG_WF012_2NL_20250724_144500.csv [NL],
PPG_WF013_2NL_20250724_144723.csv,C:\Users\benja\OneDrive\Desktop\PPG-Veracity\Negative Lies,WF013,Negative,Lie,PPG_WF013_2NL_20250724_144723.csv [NL],
PPG_WF014_2NL_20250724_144936.csv,C:\Users\benja\OneDrive\Desktop\PPG-Veracity\Negative Lies,WF014,Negative,Lie,PPG_WF014_2NL_20250724_144936.csv [NL],
PPG_WF016_2NL_20250724_145202.csv,C:\Users\benja\OneDrive\Desktop\PPG-Veracity\Negative Lies,WF016,Negative,Lie,PPG_WF016_2NL_20250724_145202.csv [NL],
PPG_WF017_2NL_20250724_145422.csv,C:\Users\benja\OneDrive\Desktop\PPG-Veracity\Negative Lies,WF017,Negative,Lie,PPG_WF017_2NL_20250724_145422.csv [NL],
PPG_WF018_2NL_20250724_145636.csv,C:\Users\benja\OneDrive\Desktop\PPG-Veracity\Negative Lies,WF018,Negative,Lie,PPG_WF018_2NL_20250724_145636.csv [NL],
PPG_WF019_2NL_20250724_145855.csv,C:\Users\benja\OneDrive\Desktop\PPG-Veracity\Negative Lies,WF019,Negative,Lie,PPG_WF019_2NL_20250724_145855.csv [NL],
PPG_WF021_2NL_20250724_150123.csv,C:\Users\benja\OneDrive\Desktop\PPG-Veracity\Negative Lies,WF021,Negative,Lie,PPG_WF021_2NL_20250724_150123.csv [NL],
PPG_WF022_2NL_20250724_150349.csv,C:\Users\benja\OneDrive\Desktop\PPG-Veracity\Negative Lies,WF022,Negative,Lie,PPG_WF022_2NL_20250724_150349.csv [NL],
PPG_WF023_2NL_20250724_150607.csv,C:\Users\benja\OneDrive\Desktop\PPG-Veracity\Negative Lies,WF023,Negative,Lie,PPG_WF023_2NL_20250724_150607.csv [NL],
PPG_WF024_2NL_20250724_150844.csv,C:\Users\benja\OneDrive\Desktop\PPG-Veracity\Negative Lies,WF024,Negative,Lie,PPG_WF024_2NL_20250724_150844.csv [NL],
PPG_WF025_2NL_20250724_151104.csv,C:\Users\benja\OneDrive\Desktop\PPG-Veracity\Negative Lies,WF025,Negative,Lie,PPG_WF025_2NL_20250724_151104.csv [NL],
PPG_WM001_2NL_20250724_151247.csv,C:\Users\benja\OneDrive\Desktop\PPG-Veracity\Negative Lies,WM001,Negative,Lie,PPG_WM001_2NL_20250724_151247.csv [NL],
PPG_WM002_2NL_20250724_151517.csv,C:\Users\benja\OneDrive\Desktop\PPG-Veracity\Negative Lies,WM002,Negative,Lie,PPG_WM002_2NL_20250724_151517.csv [NL],
PPG_WM005_2NL_20250724_151715.csv,C:\Users\benja\OneDrive\Desktop\PPG-Veracity\Negative Lies,WM005,Negative,Lie,PPG_WM005_2NL_20250724_151715.csv [NL],
PPG_WM006_2NL_20250724_151925.csv,C:\Users\benja\OneDrive\Desktop\PPG-Veracity\Negative Lies,WM006,Negative,Lie,PPG_WM006_2NL_20250724_151925.csv [NL],
PPG_WM007_2NL_20250724_152143.csv,C:\Users\benja\OneDrive\Desktop\PPG-Veracity\Negative Lies,WM007,Negative,Lie,PPG_WM007_2NL_20250724_152143.csv [NL],
PPG_WM008_2NL_20250724_152357.csv,C:\Users\benja\OneDrive\Desktop\PPG-Veracity\Negative Lies,WM008,Negative,Lie,PPG_WM008_2NL_20250724_152357.csv [NL],
PPG_WM009_2NL_20250724_152608.csv,C:\Users\benja\OneDrive\Desktop\PPG-Veracity\Negative Lies,WM009,Negative,Lie,PPG_WM009_2NL_20250724_152608.csv [NL],
PPG_WM011_2NL_20250724_152829.csv,C:\Users\benja\OneDrive\Desktop\PPG-Veracity\Negative Lies,WM011,Negative,Lie,PPG_WM011_2NL_20250724_152829.csv [NL],
PPG_WM013_2NL_20250724_153049.csv,C:\Users\benja\OneDrive\Desktop\PPG-Veracity\Negative Lies,WM013,Negative,Lie,PPG_WM013_2NL_20250724_153049.csv [NL],
PPG_WM014_2NL_20250724_153301.csv,C:\Users\benja\OneDrive\Desktop\PPG-Veracity\Negative Lies,WM014,Negative,Lie,PPG_WM014_2NL_20250724_153301.csv [NL],
PPG_WM016_2NL_20250724_153516.csv,C:\Users\benja\OneDrive\Desktop\PPG-Veracity\Negative Lies,WM016,Negative,Lie,PPG_WM016_2NL_20250724_153516.csv [NL],
PPG_WM017_2NL_20250724_153732.csv,C:\Users\benja\OneDrive\Desktop\PPG-Veracity\Negative Lies,WM017,Negative,Lie,PPG_WM017_2NL_20250724_153732.csv [NL],
PPG_WM018_2NL_20250724_154004.csv,C:\Users\benja\OneDrive\Desktop\PPG-Veracity\Negative Lies,WM018,Negative,Lie,PPG_WM018_2NL_20250724_154004.csv [NL],
PPG_WM019_2NL_20250724_154224.csv,C:\Users\benja\OneDrive\Desktop\PPG-Veracity\Negative Lies,WM019,Negative,Lie,PPG_WM019_2NL_20250724_154224.csv [NL],
PPG_WM020_2NL_20250724_154449.csv,C:\Users\benja\OneDrive\Desktop\PPG-Veracity\Negative Lies,WM020,Negative,Lie,PPG_WM020_2NL_20250724_154449.csv [NL],
PPG_WM021_2NL_20250724_154716.csv,C:\Users\benja\OneDrive\Desktop\PPG-Veracity\Negative Lies,WM021,Negative,Lie,PPG_WM021_2NL_20250724_154716.csv [NL],
PPG_WM022_2NL_20250724_154952.csv,C:\Users\benja\OneDrive\Desktop\PPG-Veracity\Negative Lies,WM022,Negative,Lie,PPG_WM022_2NL_20250724_154952.csv [NL],
PPG_WM024_2NL_20250724_155229.csv,C:\Users\benja\OneDrive\Desktop\PPG-Veracity\Negative Lies,WM024,Negative,Lie,PPG_WM024_2NL_20250724_155229.csv [NL],
PPG_WM026_2NL_20250724_155456.csv,C:\Users\benja\OneDrive\Desktop\PPG-Veracity\Negative Lies,WM026,Negative,Lie,PPG_WM026_2NL_20250724_155456.csv [NL],
PPG_WM027_2NL_20250724_155738.csv,C:\Users\benja\OneDrive\Desktop\PPG-Veracity\Negative Lies,WM027,Negative,Lie,PPG_WM027_2NL_20250724_155738.csv [NL],
PPG_BF001_3NT_20250724_114108.csv,C:\Users\benja\OneDrive\Desktop\PPG-Veracity\Negative Truth,BF001,Negative,Truth,PPG_BF001_3NT_20250724_114108.csv [NT],
PPG_BF002_3NT_20250724_114327.csv,C:\Users\benja\OneDrive\Desktop\PPG-Veracity\Negative Truth,BF002,Negative,Truth,PPG_BF002_3NT_20250724_114327.csv [NT],
PPG_BF003_3NT_20250724_114536.csv,C:\Users\benja\OneDrive\Desktop\PPG-Veracity\Negative Truth,BF003,Negative,Truth,PPG_BF003_3NT_20250724_114536.csv [NT],
PPG_BF004_3NT_20250724_114753.csv,C:\Users\benja\OneDrive\Desktop\PPG-Veracity\Negative Truth,BF004,Negative,Truth,PPG_BF004_3NT_20250724_114753.csv [NT],
PPG_BF006_3NT_20250724_115008.csv,C:\Users\benja\OneDrive\Desktop\PPG-Veracity\Negative Truth,BF006,Negative,Truth,PPG_BF006_3NT_20250724_115008.csv [NT],
PPG_BF008_3NT_20250724_124945.csv,C:\Users\benja\OneDrive\Desktop\PPG-Veracity\Negative Truth,BF008,Negative,Truth,PPG_BF008_3NT_20250724_124945.csv [NT],
PPG_BF013_3NT_20250724_125610.csv,C:\Users\benja\OneDrive\Desktop\PPG-Veracity\Negative Truth,BF013,Negative,Truth,PPG_BF013_3NT_20250724_125610.csv [NT],
PPG_BF014_3NT_20250724_125828.csv,C:\Users\benja\OneDrive\Desktop\PPG-Veracity\Negative Truth,BF014,Negative,Truth,PPG_BF014_3NT_20250724_125828.csv [NT],
PPG_BF015_3NT_20250724_130052.csv,C:\Users\benja\OneDrive\Desktop\PPG-Veracity\Negative Truth,BF015,Negative,Truth,PPG_BF015_3NT_20250724_130052.csv [NT],
PPG_BF016_3NT_20250724_130421.csv,C:\Users\benja\OneDrive\Desktop\PPG-Veracity\Negative Truth,BF016,Negative,Truth,PPG_BF016_3NT_20250724_130421.csv [NT],
PPG_BF018_3NT_20250724_130653.csv,C:\Users\benja\OneDrive\Desktop\PPG-Veracity\Negative Truth,BF018,Negative,Truth,PPG_BF018_3NT_20250724_130653.csv [NT],
PPG_BF019_3NT_20250724_131839.csv,C:\Users\benja\OneDrive\Desktop\PPG-Veracity\Negative Truth,BF019,Negative,Truth,PPG_BF019_3NT_20250724_131839.csv [NT],
PPG_BF020_3NT_20250724_132057.csv,C:\Users\benja\OneDrive\Desktop\PPG-Veracity\Negative Truth,BF020,Negative,Truth,PPG_BF020_3NT_20250724_132057.csv [NT],
PPG_BF022_3NT_20250724_132313.csv,C:\Users\benja\OneDrive\Desktop\PPG-Veracity\Negative Truth,BF022,Negative,Truth,PPG_BF022_3NT_20250724_132313.csv [NT],
PPG_BF023_3NT_20250724_132533.csv,C:\Users\benja\OneDrive\Desktop\PPG-Veracity\Negative Truth,BF023,Negative,Truth,PPG_BF023_3NT_20250724_132533.csv [NT],
PPG_BF024_3NT_20250724_132756.csv,C:\Users\benja\OneDrive\Desktop\PPG-Veracity\Negative Truth,BF024,Negative,Truth,PPG_BF024_3NT_20250724_132756.csv [NT],
PPG_BF025_3NT_20250724_133012.csv,C:\Users\benja\OneDrive\Desktop\PPG-Veracity\Negative Truth,BF025,Negative,Truth,PPG_BF025_3NT_20250724_133012.csv [NT],
PPG_BF027_3NT_20250724_133225.csv,C:\Users\benja\OneDrive\Desktop\PPG-Veracity\Negative Truth,BF027,Negative,Truth,PPG_BF027_3NT_20250724_133225.csv [NT],
PPG_BF028_3NT_20250724_133442.csv,C:\Users\benja\OneDrive\Desktop\PPG-Veracity\Negative Truth,BF028,Negative,Truth,PPG_BF028_3NT_20250724_133442.csv [NT],
PPG_BF033_3NT_20250724_133710.csv,C:\Users\benja\OneDrive\Desktop\PPG-Veracity\Negative Truth,BF033,Negative,Truth,PPG_BF033_3NT_20250724_133710.csv [NT],
PPG_BM003_3NT_20250724_133927.csv,C:\Users\benja\OneDrive\Desktop\PPG-Veracity\Negative Truth,BM003,Negative,Truth,PPG_BM003_3NT_20250724_133927.csv [NT],
PPG_BM004_3NT_20250724_134144.csv,C:\Users\benja\OneDrive\Desktop\PPG-Veracity\Negative Truth,BM004,Negative,Truth,PPG_BM004_3NT_20250724_134144.csv [NT],
PPG_BM005_3NT_20250724_134408.csv,C:\Users\benja\OneDrive\Desktop\PPG-Veracity\Negative Truth,BM005,Negative,Truth,PPG_BM005_3NT_20250724_134408.csv [NT],
PPG_BM006_3NT_20250724_134612.csv,C:\Users\benja\OneDrive\Desktop\PPG-Veracity\Negative Truth,BM006,Negative,Truth,PPG_BM006_3NT_20250724_134612.csv [NT],
PPG_BM007_3NT_20250724_134830.csv,C:\Users\benja\OneDrive\Desktop\PPG-Veracity\Negative Truth,BM007,Negative,Truth,PPG_BM007_3NT_20250724_134830.csv [NT],
PPG_BM008_3NT_20250724_135038.csv,C:\Users\benja\OneDrive\Desktop\PPG-Veracity\Negative Truth,BM008,Negative,Truth,PPG_BM008_3NT_20250724_135038.csv [NT],
PPG_BM009_3NT_20250724_135254.csv,C:\Users\benja\OneDrive\Desktop\PPG-Veracity\Negative Truth,BM009,Negative,Truth,PPG_BM009_3NT_20250724_135254.csv [NT],
PPG_BM010_3NT_20250724_135521.csv,C:\Users\benja\OneDrive\Desktop\PPG-Veracity\Negative Truth,BM010,Negative,Truth,PPG_BM010_3NT_20250724_135521.csv [NT],
PPG_BM012_3NT_20250724_135737.csv,C:\Users\benja\OneDrive\Desktop\PPG-Veracity\Negative Truth,BM012,Negative,Truth,PPG_BM012_3NT_20250724_135737.csv [NT],
PPG_BM013_3NT_20250724_135953.csv,C:\Users\benja\OneDrive\Desktop\PPG-Veracity\Negative Truth,BM013,Negative,Truth,PPG_BM013_3NT_20250724_135953.csv [NT],
PPG_BM014_3NT_20250724_140206.csv,C:\Users\benja\OneDrive\Desktop\PPG-Veracity\Negative Truth,BM014,Negative,Truth,PPG_BM014_3NT_20250724_140206.csv [NT],
PPG_BM015_3NT_20250724_140426.csv,C:\Users\benja\OneDrive\Desktop\PPG-Veracity\Negative Truth,BM015,Negative,Truth,PPG_BM015_3NT_20250724_140426.csv [NT],
PPG_BM016_3NT_20250724_140648.csv,C:\Users\benja\OneDrive\Desktop\PPG-Veracity\Negative Truth,BM016,Negative,Truth,PPG_BM016_3NT_20250724_140648.csv [NT],
PPG_BM017_3NT_20250724_140910.csv,C:\Users\benja\OneDrive\Desktop\PPG-Veracity\Negative Truth,BM017,Negative,Truth,PPG_BM017_3NT_20250724_140910.csv [NT],
PPG_BM018_3NT_20250724_141135.csv,C:\Users\benja\OneDrive\Desktop\PPG-Veracity\Negative Truth,BM018,Negative,Truth,PPG_BM018_3NT_20250724_141135.csv [NT],
PPG_BM020_3NT_20250724_141422.csv,C:\Users\benja\OneDrive\Desktop\PPG-Veracity\Negative Truth,BM020,Negative,Truth,PPG_BM020_3NT_20250724_141422.csv [NT],
PPG_BM021_3NT_20250724_141643.csv,C:\Users\benja\OneDrive\Desktop\PPG-Veracity\Negative Truth,BM021,Negative,Truth,PPG_BM021_3NT_20250724_141643.csv [NT],
PPG_BM024_3NT_20250724_141914.csv,C:\Users\benja\OneDrive\Desktop\PPG-Veracity\Negative Truth,BM024,Negative,Truth,PPG_BM024_3NT_20250724_141914.csv [NT],
PPG_BM026_3NT_20250724_142141.csv,C:\Users\benja\OneDrive\Desktop\PPG-Veracity\Negative Truth,BM026,Negative,Truth,PPG_BM026_3NT_20250724_142141.csv [NT],
PPG_BM027_3NT_20250724_142416.csv,C:\Users\benja\OneDrive\Desktop\PPG-Veracity\Negative Truth,BM027,Negative,Truth,PPG_BM027_3NT_20250724_142416.csv [NT],
PPG_WF002_3NT_20250724_142633.csv,C:\Users\benja\OneDrive\Desktop\PPG-Veracity\Negative Truth,WF002,Negative,Truth,PPG_WF002_3NT_20250724_142633.csv [NT],
PPG_WF003_3NT_20250724_142844.csv,C:\Users\benja\OneDrive\Desktop\PPG-Veracity\Negative Truth,WF003,Negative,Truth,PPG_WF003_3NT_20250724_142844.csv [NT],
PPG_WF005_3NT_20250724_143101.csv,C:\Users\benja\OneDrive\Desktop\PPG-Veracity\Negative Truth,WF005,Negative,Truth,PPG_WF005_3NT_20250724_143101.csv [NT],
PPG_WF006_3NT_20250724_143329.csv,C:\Users\benja\OneDrive\Desktop\PPG-Veracity\Negative Truth,WF006,Negative,Truth,PPG_WF006_3NT_20250724_143329.csv [NT],
PPG_WF007_3NT_20250724_143558.csv,C:\Users\benja\OneDrive\Desktop\PPG-Veracity\Negative Truth,WF007,Negative,Truth,PPG_WF007_3NT_20250724_143558.csv [NT],
PPG_WF009_3NT_20250724_143830.csv,C:\Users\benja\OneDrive\Desktop\PPG-Veracity\Negative Truth,WF009,Negative,Truth,PPG_WF009_3NT_20250724_143830.csv [NT],
PPG_WF010_3NT_20250724_144048.csv,C:\Users\benja\OneDrive\Desktop\PPG-Veracity\Negative Truth,WF010,Negative,Truth,PPG_WF010_3NT_20250724_144048.csv [NT],
PPG_WF011_3NT_20250724_144309.csv,C:\Users\benja\OneDrive\Desktop\PPG-Veracity\Negative Truth,WF011,Negative,Truth,PPG_WF011_3NT_20250724_144309.csv [NT],
PPG_WF012_3NT_20250724_144537.csv,C:\Users\benja\OneDrive\Desktop\PPG-Veracity\Negative Truth,WF012,Negative,Truth,PPG_WF012_3NT_20250724_144537.csv [NT],
PPG_WF013_3NT_20250724_144757.csv,C:\Users\benja\OneDrive\Desktop\PPG-Veracity\Negative Truth,WF013,Negative,Truth,PPG_WF013_3NT_20250724_144757.csv [NT],
PPG_WF014_3NT_20250724_145012.csv,C:\Users\benja\OneDrive\Desktop\PPG-Veracity\Negative Truth,WF014,Negative,Truth,PPG_WF014_3NT_20250724_145012.csv [NT],
PPG_WF016_3NT_20250724_145235.csv,C:\Users\benja\OneDrive\Desktop\PPG-Veracity\Negative Truth,WF016,Negative,Truth,PPG_WF016_3NT_20250724_145235.csv [NT],
PPG_WF017_3NT_20250724_145459.csv,C:\Users\benja\OneDrive\Desktop\PPG-Veracity\Negative Truth,WF017,Negative,Truth,PPG_WF017_3NT_20250724_145459.csv [NT],
PPG_WF018_3NT_20250724_145712.csv,C:\Users\benja\OneDrive\Desktop\PPG-Veracity\Negative Truth,WF018,Negative,Truth,PPG_WF018_3NT_20250724_145712.csv [NT],
PPG_WF019_3NT_20250724_145929.csv,C:\Users\benja\OneDrive\Desktop\PPG-Veracity\Negative Truth,WF019,Negative,Truth,PPG_WF019_3NT_20250724_145929.csv [NT],
PPG_WF021_3NT_20250724_150200.csv,C:\Users\benja\OneDrive\Desktop\PPG-Veracity\Negative Truth,WF021,Negative,Truth,PPG_WF021_3NT_20250724_150200.csv [NT],
PPG_WF022_3NT_20250724_150421.csv,C:\Users\benja\OneDrive\Desktop\PPG-Veracity\Negative Truth,WF022,Negative,Truth,PPG_WF022_3NT_20250724_150421.csv [NT],
PPG_WF023_3NT_20250724_150648.csv,C:\Users\benja\OneDrive\Desktop\PPG-Veracity\Negative Truth,WF023,Negative,Truth,PPG_WF023_3NT_20250724_150648.csv [NT],
PPG_WF024_3NT_20250724_150919.csv,C:\Users\benja\OneDrive\Desktop\PPG-Veracity\Negative Truth,WF024,Negative,Truth,PPG_WF024_3NT_20250724_150919.csv [NT],
PPG_WF025_3NT_20250724_151145.csv,C:\Users\benja\OneDrive\Desktop\PPG-Veracity\Negative Truth,WF025,Negative,Truth,PPG_WF025_3NT_20250724_151145.csv [NT],
PPG_WM001_3NT_20250724_151312.csv,C:\Users\benja\OneDrive\Desktop\PPG-Veracity\Negative Truth,WM001,Negative,Truth,PPG_WM001_3NT_20250724_151312.csv [NT],
PPG_WM002_3NT_20250724_151547.csv,C:\Users\benja\OneDrive\Desktop\PPG-Veracity\Negative Truth,WM002,Negative,Truth,PPG_WM002_3NT_20250724_151547.csv [NT],
PPG_WM005_3NT_20250724_151747.csv,C:\Users\benja\OneDrive\Desktop\PPG-Veracity\Negative Truth,WM005,Negative,Truth,PPG_WM005_3NT_20250724_151747.csv [NT],
PPG_WM006_3NT_20250724_152003.csv,C:\Users\benja\OneDrive\Desktop\PPG-Veracity\Negative Truth,WM006,Negative,Truth,PPG_WM006_3NT_20250724_152003.csv [NT],
PPG_WM007_3NT_20250724_152218.csv,C:\Users\benja\OneDrive\Desktop\PPG-Veracity\Negative Truth,WM007,Negative,Truth,PPG_WM007_3NT_20250724_152218.csv [NT],
PPG_WM008_3NT_20250724_152430.csv,C:\Users\benja\OneDrive\Desktop\PPG-Veracity\Negative Truth,WM008,Negative,Truth,PPG_WM008_3NT_20250724_152430.csv [NT],
PPG_WM009_3NT_20250724_152643.csv,C:\Users\benja\OneDrive\Desktop\PPG-Veracity\Negative Truth,WM009,Negative,Truth,PPG_WM009_3NT_20250724_152643.csv [NT],
PPG_WM011_3NT_20250724_152905.csv,C:\Users\benja\OneDrive\Desktop\PPG-Veracity\Negative Truth,WM011,Negative,Truth,PPG_WM011_3NT_20250724_152905.csv [NT],
PPG_WM014_3NT_20250724_153335.csv,C:\Users\benja\OneDrive\Desktop\PPG-Veracity\Negative Truth,WM014,Negative,Truth,PPG_WM014_3NT_20250724_153335.csv [NT],
PPG_WM016_3NT_20250724_153549.csv,C:\Users\benja\OneDrive\Desktop\PPG-Veracity\Negative Truth,WM016,Negative,Truth,PPG_WM016_3NT_20250724_153549.csv [NT],
PPG_WM017_3NT_20250724_153807.csv,C:\Users\benja\OneDrive\Desktop\PPG-Veracity\Negative Truth,WM017,Negative,Truth,PPG_WM017_3NT_20250724_153807.csv [NT],
PPG_WM018_3NT_20250724_154043.csv,C:\Users\benja\OneDrive\Desktop\PPG-Veracity\Negative Truth,WM018,Negative,Truth,PPG_WM018_3NT_20250724_154043.csv [NT],
PPG_WM020_3NT_20250724_154527.csv,C:\Users\benja\OneDrive\Desktop\PPG-Veracity\Negative Truth,WM020,Negative,Truth,PPG_WM020_3NT_20250724_154527.csv [NT],
PPG_WM021_3NT_20250724_154751.csv,C:\Users\benja\OneDrive\Desktop\PPG-Veracity\Negative Truth,WM021,Negative,Truth,PPG_WM021_3NT_20250724_154751.csv [NT],
PPG_WM022_3NT_20250724_155030.csv,C:\Users\benja\OneDrive\Desktop\PPG-Veracity\Negative Truth,WM022,Negative,Truth,PPG_WM022_3NT_20250724_155030.csv [NT],
PPG_WM024_3NT_20250724_155302.csv,C:\Users\benja\OneDrive\Desktop\PPG-Veracity\Negative Truth,WM024,Negative,Truth,PPG_WM024_3NT_20250724_155302.csv [NT],
PPG_WM026_3NT_20250724_155539.csv,C:\Users\benja\OneDrive\Desktop\PPG-Veracity\Negative Truth,WM026,Negative,Truth,PPG_WM026_3NT_20250724_155539.csv [NT],
PPG_WM027_3NT_20250724_155817.csv,C:\Users\benja\OneDrive\Desktop\PPG-Veracity\Negative Truth,WM027,Negative,Truth,PPG_WM027_3NT_20250724_155817.csv [NT],
PPG_WM13_3NT_20250724_153121.csv,C:\Users\benja\OneDrive\Desktop\PPG-Veracity\Negative Truth,WM013,Negative,Truth,PPG_WM13_3NT_20250724_153121.csv [NT],
PPG_WM19_3NT_20250724_154302.csv,C:\Users\benja\OneDrive\Desktop\PPG-Veracity\Negative Truth,WM019,Negative,Truth,PPG_WM19_3NT_20250724_154302.csv [NT],
PPG_BF001_4PL_20250724_114146.csv,C:\Users\benja\OneDrive\Desktop\PPG-Veracity\Positive Lies,BF001,Positive,Lie,PPG_BF001_4PL_20250724_114146.csv [PL],
PPG_BF002_4PL_20250724_114402.csv,C:\Users\benja\OneDrive\Desktop\PPG-Veracity\Positive Lies,BF002,Positive,Lie,PPG_BF002_4PL_20250724_114402.csv [PL],
PPG_BF003_4PL_20250724_114613.csv,C:\Users\benja\OneDrive\Desktop\PPG-Veracity\Positive Lies,BF003,Positive,Lie,PPG_BF003_4PL_20250724_114613.csv [PL],
PPG_BF004_4PL_20250724_114831.csv,C:\Users\benja\OneDrive\Desktop\PPG-Veracity\Positive Lies,BF004,Positive,Lie,PPG_BF004_4PL_20250724_114831.csv [PL],
PPG_BF006_4PL_20250724_115039.csv,C:\Users\benja\OneDrive\Desktop\PPG-Veracity\Positive Lies,BF006,Positive,Lie,PPG_BF006_4PL_20250724_115039.csv [PL],
PPG_BF008_4PL_20250724_125434.csv,C:\Users\benja\OneDrive\Desktop\PPG-Veracity\Positive Lies,BF008,Positive,Lie,PPG_BF008_4PL_20250724_125434.csv [PL],
PPG_BF013_4PL_20250724_125643.csv,C:\Users\benja\OneDrive\Desktop\PPG-Veracity\Positive Lies,BF013,Positive,Lie,PPG_BF013_4PL_20250724_125643.csv [PL],
PPG_BF014_4PL_20250724_125900.csv,C:\Users\benja\OneDrive\Desktop\PPG-Veracity\Positive Lies,BF014,Positive,Lie,PPG_BF014_4PL_20250724_125900.csv [PL],
PPG_BF015_4PL_20250724_130225.csv,C:\Users\benja\OneDrive\Desktop\PPG-Veracity\Positive Lies,BF015,Positive,Lie,PPG_BF015_4PL_20250724_130225.csv [PL],
PPG_BF016_4PL_20250724_130459.csv,C:\Users\benja\OneDrive\Desktop\PPG-Veracity\Positive Lies,BF016,Positive,Lie,PPG_BF016_4PL_20250724_130459.csv [PL],
PPG_BF018_4PL_20250724_130732.csv,C:\Users\benja\OneDrive\Desktop\PPG-Veracity\Positive Lies,BF018,Positive,Lie,PPG_BF018_4PL_20250724_130732.csv [PL],
PPG_BF019_4PL_20250724_131912.csv,C:\Users\benja\OneDrive\Desktop\PPG-Veracity\Positive Lies,BF019,Positive,Lie,PPG_BF019_4PL_20250724_131912.csv [PL],
PPG_BF020_4PL_20250724_132125.csv,C:\Users\benja\OneDrive\Desktop\PPG-Veracity\Positive Lies,BF020,Positive,Lie,PPG_BF020_4PL_20250724_132125.csv [PL],
PPG_BF022_4PL_20250724_132352.csv,C:\Users\benja\OneDrive\Desktop\PPG-Veracity\Positive Lies,BF022,Positive,Lie,PPG_BF022_4PL_20250724_132352.csv [PL],
PPG_BF023_4PL_20250724_132602.csv,C:\Users\benja\OneDrive\Desktop\PPG-Veracity\Positive Lies,BF023,Positive,Lie,PPG_BF023_4PL_20250724_132602.csv [PL],
PPG_BF024_4PL_20250724_132822.csv,C:\Users\benja\OneDrive\Desktop\PPG-Veracity\Positive Lies,BF024,Positive,Lie,PPG_BF024_4PL_20250724_132822.csv [PL],
PPG_BF025_4PL_20250724_133041.csv,C:\Users\benja\OneDrive\Desktop\PPG-Veracity\Positive Lies,BF025,Positive,Lie,PPG_BF025_4PL_20250724_133041.csv [PL],
PPG_BF027_4PL_20250724_133250.csv,C:\Users\benja\OneDrive\Desktop\PPG-Veracity\Positive Lies,BF027,Positive,Lie,PPG_BF027_4PL_20250724_133250.csv [PL],
PPG_BF028_4PL_20250724_133521.csv,C:\Users\benja\OneDrive\Desktop\PPG-Veracity\Positive Lies,BF028,Positive,Lie,PPG_BF028_4PL_20250724_133521.csv [PL],
PPG_BF033_4PL_20250724_133745.csv,C:\Users\benja\OneDrive\Desktop\PPG-Veracity\Positive Lies,BF033,Positive,Lie,PPG_BF033_4PL_20250724_133745.csv [PL],
PPG_BM003_4PL_20250724_133958.csv,C:\Users\benja\OneDrive\Desktop\PPG-Veracity\Positive Lies,BM003,Positive,Lie,PPG_BM003_4PL_20250724_133958.csv [PL],
PPG_BM004_4PL_20250724_134223.csv,C:\Users\benja\OneDrive\Desktop\PPG-Veracity\Positive Lies,BM004,Positive,Lie,PPG_BM004_4PL_20250724_134223.csv [PL],
PPG_BM005_4PL_20250724_134443.csv,C:\Users\benja\OneDrive\Desktop\PPG-Veracity\Positive Lies,BM005,Positive,Lie,PPG_BM005_4PL_20250724_134443.csv [PL],
PPG_BM006_4PL_20250724_134648.csv,C:\Users\benja\OneDrive\Desktop\PPG-Veracity\Positive Lies,BM006,Positive,Lie,PPG_BM006_4PL_20250724_134648.csv [PL],
PPG_BM007_4PL_20250724_134857.csv,C:\Users\benja\OneDrive\Desktop\PPG-Veracity\Positive Lies,BM007,Positive,Lie,PPG_BM007_4PL_20250724_134857.csv [PL],
PPG_BM008_4PL_20250724_135113.csv,C:\Users\benja\OneDrive\Desktop\PPG-Veracity\Positive Lies,BM008,Positive,Lie,PPG_BM008_4PL_20250724_135113.csv [PL],
PPG_BM009_4PL_20250724_135332.csv,C:\Users\benja\OneDrive\Desktop\PPG-Veracity\Positive Lies,BM009,Positive,Lie,PPG_BM009_4PL_20250724_135332.csv [PL],
PPG_BM010_4PL_20250724_135556.csv,C:\Users\benja\OneDrive\Desktop\PPG-Veracity\Positive Lies,BM010,Positive,Lie,PPG_BM010_4PL_20250724_135556.csv [PL],
PPG_BM012_4PL_20250724_135810.csv,C:\Users\benja\OneDrive\Desktop\PPG-Veracity\Positive Lies,BM012,Positive,Lie,PPG_BM012_4PL_20250724_135810.csv [PL],
PPG_BM013_4PL_20250724_140027.csv,C:\Users\benja\OneDrive\Desktop\PPG-Veracity\Positive Lies,BM013,Positive,Lie,PPG_BM013_4PL_20250724_140027.csv [PL],
PPG_BM014_4PL_20250724_140235.csv,C:\Users\benja\OneDrive\Desktop\PPG-Veracity\Positive Lies,BM014,Positive,Lie,PPG_BM014_4PL_20250724_140235.csv [PL],
PPG_BM015_4PL_20250724_140458.csv,C:\Users\benja\OneDrive\Desktop\PPG-Veracity\Positive Lies,BM015,Positive,Lie,PPG_BM015_4PL_20250724_140458.csv [PL],
PPG_BM016_4PL_20250724_140724.csv,C:\Users\benja\OneDrive\Desktop\PPG-Veracity\Positive Lies,BM016,Positive,Lie,PPG_BM016_4PL_20250724_140724.csv [PL],
PPG_BM017_4PL_20250724_140945.csv,C:\Users\benja\OneDrive\Desktop\PPG-Veracity\Positive Lies,BM017,Positive,Lie,PPG_BM017_4PL_20250724_140945.csv [PL],
PPG_BM018_4PL_20250724_141211.csv,C:\Users\benja\OneDrive\Desktop\PPG-Veracity\Positive Lies,BM018,Positive,Lie,PPG_BM018_4PL_20250724_141211.csv [PL],
PPG_BM020_4PL_20250724_141500.csv,C:\Users\benja\OneDrive\Desktop\PPG-Veracity\Positive Lies,BM020,Positive,Lie,PPG_BM020_4PL_20250724_141500.csv [PL],
PPG_BM021_4PL_20250724_141725.csv,C:\Users\benja\OneDrive\Desktop\PPG-Veracity\Positive Lies,BM021,Positive,Lie,PPG_BM021_4PL_20250724_141725.csv [PL],
PPG_BM024_4PL_20250724_141952.csv,C:\Users\benja\OneDrive\Desktop\PPG-Veracity\Positive Lies,BM024,Positive,Lie,PPG_BM024_4PL_20250724_141952.csv [PL],
PPG_BM026_4PL_20250724_142222.csv,C:\Users\benja\OneDrive\Desktop\PPG-Veracity\Positive Lies,BM026,Positive,Lie,PPG_BM026_4PL_20250724_142222.csv [PL],
PPG_BM027_4PL_20250724_142453.csv,C:\Users\benja\OneDrive\Desktop\PPG-Veracity\Positive Lies,BM027,Positive,Lie,PPG_BM027_4PL_20250724_142453.csv [PL],
PPG_WF002_4PL_20250724_142708.csv,C:\Users\benja\OneDrive\Desktop\PPG-Veracity\Positive Lies,WF002,Positive,Lie,PPG_WF002_4PL_20250724_142708.csv [PL],
PPG_WF003_4PL_20250724_142913.csv,C:\Users\benja\OneDrive\Desktop\PPG-Veracity\Positive Lies,WF003,Positive,Lie,PPG_WF003_4PL_20250724_142913.csv [PL],
PPG_WF005_4PL_20250724_143136.csv,C:\Users\benja\OneDrive\Desktop\PPG-Veracity\Positive Lies,WF005,Positive,Lie,PPG_WF005_4PL_20250724_143136.csv [PL],
PPG_WF006_4PL_20250724_143410.csv,C:\Users\benja\OneDrive\Desktop\PPG-Veracity\Positive Lies,WF006,Positive,Lie,PPG_WF006_4PL_20250724_143410.csv [PL],
PPG_WF007_4PL_20250724_143635.csv,C:\Users\benja\OneDrive\Desktop\PPG-Veracity\Positive Lies,WF007,Positive,Lie,PPG_WF007_4PL_20250724_143635.csv [PL],
PPG_WF009_4PL_20250724_143905.csv,C:\Users\benja\OneDrive\Desktop\PPG-Veracity\Positive Lies,WF009,Positive,Lie,PPG_WF009_4PL_20250724_143905.csv [PL],
PPG_WF010_4PL_20250724_144118.csv,C:\Users\benja\OneDrive\Desktop\PPG-Veracity\Positive Lies,WF010,Positive,Lie,PPG_WF010_4PL_20250724_144118.csv [PL],
PPG_WF011_4PL_20250724_144343.csv,C:\Users\benja\OneDrive\Desktop\PPG-Veracity\Positive Lies,WF011,Positive,Lie,PPG_WF011_4PL_20250724_144343.csv [PL],
PPG_WF012_4PL_20250724_144612.csv,C:\Users\benja\OneDrive\Desktop\PPG-Veracity\Positive Lies,WF012,Positive,Lie,PPG_WF012_4PL_20250724_144612.csv [PL],
PPG_WF013_4PL_20250724_144830.csv,C:\Users\benja\OneDrive\Desktop\PPG-Veracity\Positive Lies,WF013,Positive,Lie,PPG_WF013_4PL_20250724_144830.csv [PL],
PPG_WF014_4PL_20250724_145047.csv,C:\Users\benja\OneDrive\Desktop\PPG-Veracity\Positive Lies,WF014,Positive,Lie,PPG_WF014_4PL_20250724_145047.csv [PL],
PPG_WF016_4PL_20250724_145309.csv,C:\Users\benja\OneDrive\Desktop\PPG-Veracity\Positive Lies,WF016,Positive,Lie,PPG_WF016_4PL_20250724_145309.csv [PL],
PPG_WF017_4PL_20250724_145534.csv,C:\Users\benja\OneDrive\Desktop\PPG-Veracity\Positive Lies,WF017,Positive,Lie,PPG_WF017_4PL_20250724_145534.csv [PL],
PPG_WF018_4PL_20250724_145745.csv,C:\Users\benja\OneDrive\Desktop\PPG-Veracity\Positive Lies,WF018,Positive,Lie,PPG_WF018_4PL_20250724_145745.csv [PL],
PPG_WF019_4PL_20250724_150008.csv,C:\Users\benja\OneDrive\Desktop\PPG-Veracity\Positive Lies,WF019,Positive,Lie,PPG_WF019_4PL_20250724_150008.csv [PL],
PPG_WF021_4PL_20250724_150238.csv,C:\Users\benja\OneDrive\Desktop\PPG-Veracity\Positive Lies,WF021,Positive,Lie,PPG_WF021_4PL_20250724_150238.csv [PL],
PPG_WF022_4PL_20250724_150501.csv,C:\Users\benja\OneDrive\Desktop\PPG-Veracity\Positive Lies,WF022,Positive,Lie,PPG_WF022_4PL_20250724_150501.csv [PL],
PPG_WF023_4PL_20250724_150725.csv,C:\Users\benja\OneDrive\Desktop\PPG-Veracity\Positive Lies,WF023,Positive,Lie,PPG_WF023_4PL_20250724_150725.csv [PL],
PPG_WF024_4PL_20250724_150954.csv,C:\Users\benja\OneDrive\Desktop\PPG-Veracity\Positive Lies,WF024,Positive,Lie,PPG_WF024_4PL_20250724_150954.csv [PL],
PPG_WF025_4PL_20250724_151219.csv,C:\Users\benja\OneDrive\Desktop\PPG-Veracity\Positive Lies,WF025,Positive,Lie,PPG_WF025_4PL_20250724_151219.csv [PL],
PPG_WM001_4PL_20250724_151343.csv,C:\Users\benja\OneDrive\Desktop\PPG-Veracity\Positive Lies,WM001,Positive,Lie,PPG_WM001_4PL_20250724_151343.csv [PL],
PPG_WM002_4PL_20250724_151621.csv,C:\Users\benja\OneDrive\Desktop\PPG-Veracity\Positive Lies,WM002,Positive,Lie,PPG_WM002_4PL_20250724_151621.csv [PL],
PPG_WM005_4PL_20250724_151823.csv,C:\Users\benja\OneDrive\Desktop\PPG-Veracity\Positive Lies,WM005,Positive,Lie,PPG_WM005_4PL_20250724_151823.csv [PL],
PPG_WM006_4PL_20250724_152035.csv,C:\Users\benja\OneDrive\Desktop\PPG-Veracity\Positive Lies,WM006,Positive,Lie,PPG_WM006_4PL_20250724_152035.csv [PL],
PPG_WM007_4PL_20250724_152246.csv,C:\Users\benja\OneDrive\Desktop\PPG-Veracity\Positive Lies,WM007,Positive,Lie,PPG_WM007_4PL_20250724_152246.csv [PL],
PPG_WM008_4PL_20250724_152504.csv,C:\Users\benja\OneDrive\Desktop\PPG-Veracity\Positive Lies,WM008,Positive,Lie,PPG_WM008_4PL_20250724_152504.csv [PL],
PPG_WM009_4PL_20250724_152717.csv,C:\Users\benja\OneDrive\Desktop\PPG-Veracity\Positive Lies,WM009,Positive,Lie,PPG_WM009_4PL_20250724_152717.csv [PL],
PPG_WM011_4PL_20250724_152942.csv,C:\Users\benja\OneDrive\Desktop\PPG-Veracity\Positive Lies,WM011,Positive,Lie,PPG_WM011_4PL_20250724_152942.csv [PL],
PPG_WM013_4PL_20250724_153155.csv,C:\Users\benja\OneDrive\Desktop\PPG-Veracity\Positive Lies,WM013,Positive,Lie,PPG_WM013_4PL_20250724_153155.csv [PL],
PPG_WM014_4PL_20250724_153411.csv,C:\Users\benja\OneDrive\Desktop\PPG-Veracity\Positive Lies,WM014,Positive,Lie,PPG_WM014_4PL_20250724_153411.csv [PL],
PPG_WM016_4PL_20250724_153620.csv,C:\Users\benja\OneDrive\Desktop\PPG-Veracity\Positive Lies,WM016,Positive,Lie,PPG_WM016_4PL_20250724_153620.csv [PL],
PPG_WM017_4PL_20250724_153846.csv,C:\Users\benja\OneDrive\Desktop\PPG-Veracity\Positive Lies,WM017,Positive,Lie,PPG_WM017_4PL_20250724_153846.csv [PL],
PPG_WM018_4PL_20250724_154120.csv,C:\Users\benja\OneDrive\Desktop\PPG-Veracity\Positive Lies,WM018,Positive,Lie,PPG_WM018_4PL_20250724_154120.csv [PL],
PPG_WM020_4PL_20250724_154601.csv,C:\Users\benja\OneDrive\Desktop\PPG-Veracity\Positive Lies,WM020,Positive,Lie,PPG_WM020_4PL_20250724_154601.csv [PL],
PPG_WM021_4PL_20250724_154831.csv,C:\Users\benja\OneDrive\Desktop\PPG-Veracity\Positive Lies,WM021,Positive,Lie,PPG_WM021_4PL_20250724_154831.csv [PL],
PPG_WM022_4PL_20250724_155111.csv,C:\Users\benja\OneDrive\Desktop\PPG-Veracity\Positive Lies,WM022,Positive,Lie,PPG_WM022_4PL_20250724_155111.csv [PL],
PPG_WM024_4PL_20250724_155339.csv,C:\Users\benja\OneDrive\Desktop\PPG-Veracity\Positive Lies,WM024,Positive,Lie,PPG_WM024_4PL_20250724_155339.csv [PL],
PPG_WM026_4PL_20250724_155617.csv,C:\Users\benja\OneDrive\Desktop\PPG-Veracity\Positive Lies,WM026,Positive,Lie,PPG_WM026_4PL_20250724_155617.csv [PL],
PPG_WM027_4PL_20250724_155858.csv,C:\Users\benja\OneDrive\Desktop\PPG-Veracity\Positive Lies,WM027,Positive,Lie,PPG_WM027_4PL_20250724_155858.csv [PL],
PPG_WM19_4PL_20250724_154336.csv,C:\Users\benja\OneDrive\Desktop\PPG-Veracity\Positive Lies,WM019,Positive,Lie,PPG_WM19_4PL_20250724_154336.csv [PL],
PPG_BF001_1PT_20250724_113953.csv,C:\Users\benja\OneDrive\Desktop\PPG-Veracity\Positive Truth,BF001,Positive,Truth,PPG_BF001_1PT_20250724_113953.csv [PT],
PPG_BF002_1PT_20250724_114222.csv,C:\Users\benja\OneDrive\Desktop\PPG-Veracity\Positive Truth,BF002,Positive,Truth,PPG_BF002_1PT_20250724_114222.csv [PT],
PPG_BF003_1PT_20250724_114432.csv,C:\Users\benja\OneDrive\Desktop\PPG-Veracity\Positive Truth,BF003,Positive,Truth,PPG_BF003_1PT_20250724_114432.csv [PT],
PPG_BF004_1PT_20250724_114639.csv,C:\Users\benja\OneDrive\Desktop\PPG-Veracity\Positive Truth,BF004,Positive,Truth,PPG_BF004_1PT_20250724_114639.csv [PT],
PPG_BF006_1PT_20250724_114901.csv,C:\Users\benja\OneDrive\Desktop\PPG-Veracity\Positive Truth,BF006,Positive,Truth,PPG_BF006_1PT_20250724_114901.csv [PT],
PPG_BF008_1PT_20250724_115238.csv,C:\Users\benja\OneDrive\Desktop\PPG-Veracity\Positive Truth,BF008,Positive,Truth,PPG_BF008_1PT_20250724_115238.csv [PT],
PPG_BF013_1PT_20250724_125501.csv,C:\Users\benja\OneDrive\Desktop\PPG-Veracity\Positive Truth,BF013,Positive,Truth,PPG_BF013_1PT_20250724_125501.csv [PT],
PPG_BF014_1PT_20250724_125718.csv,C:\Users\benja\OneDrive\Desktop\PPG-Veracity\Positive Truth,BF014,Positive,Truth,PPG_BF014_1PT_20250724_125718.csv [PT],
PPG_BF015_1PT_20250724_125938.csv,C:\Users\benja\OneDrive\Desktop\PPG-Veracity\Positive Truth,BF015,Positive,Truth,PPG_BF015_1PT_20250724_125938.csv [PT],
PPG_BF016_1PT_20250724_130304.csv,C:\Users\benja\OneDrive\Desktop\PPG-Veracity\Positive Truth,BF016,Positive,Truth,PPG_BF016_1PT_20250724_130304.csv [PT],
PPG_BF018_1PT_20250724_130536.csv,C:\Users\benja\OneDrive\Desktop\PPG-Veracity\Positive Truth,BF018,Positive,Truth,PPG_BF018_1PT_20250724_130536.csv [PT],
PPG_BF019_1PT_20250724_130837.csv,C:\Users\benja\OneDrive\Desktop\PPG-Veracity\Positive Truth,BF019,Positive,Truth,PPG_BF019_1PT_20250724_130837.csv [PT],
PPG_BF020_1PT_20250724_131946.csv,C:\Users\benja\OneDrive\Desktop\PPG-Veracity\Positive Truth,BF020,Positive,Truth,PPG_BF020_1PT_20250724_131946.csv [PT],
PPG_BF022_1PT_20250724_132201.csv,C:\Users\benja\OneDrive\Desktop\PPG-Veracity\Positive Truth,BF022,Positive,Truth,PPG_BF022_1PT_20250724_132201.csv [PT],
PPG_BF023_1PT_20250724_132422.csv,C:\Users\benja\OneDrive\Desktop\PPG-Veracity\Positive Truth,BF023,Positive,Truth,PPG_BF023_1PT_20250724_132422.csv [PT],
PPG_BF024_1PT_20250724_132639.csv,C:\Users\benja\OneDrive\Desktop\PPG-Veracity\Positive Truth,BF024,Positive,Truth,PPG_BF024_1PT_20250724_132639.csv [PT],
PPG_BF025_1PT_20250724_132902.csv,C:\Users\benja\OneDrive\Desktop\PPG-Veracity\Positive Truth,BF025,Positive,Truth,PPG_BF025_1PT_20250724_132902.csv [PT],
PPG_BF027_1PT_20250724_133115.csv,C:\Users\benja\OneDrive\Desktop\PPG-Veracity\Positive Truth,BF027,Positive,Truth,PPG_BF027_1PT_20250724_133115.csv [PT],
PPG_BF028_1PT_20250724_133327.csv,C:\Users\benja\OneDrive\Desktop\PPG-Veracity\Positive Truth,BF028,Positive,Truth,PPG_BF028_1PT_20250724_133327.csv [PT],
PPG_BF033_1PT_20250724_133558.csv,C:\Users\benja\OneDrive\Desktop\PPG-Veracity\Positive Truth,BF033,Positive,Truth,PPG_BF033_1PT_20250724_133558.csv [PT],
PPG_BM003_1PT_20250724_133819.csv,C:\Users\benja\OneDrive\Desktop\PPG-Veracity\Positive Truth,BM003,Positive,Truth,PPG_BM003_1PT_20250724_133819.csv [PT],
PPG_BM004_1PT_20250724_134033.csv,C:\Users\benja\OneDrive\Desktop\PPG-Veracity\Positive Truth,BM004,Positive,Truth,PPG_BM004_1PT_20250724_134033.csv [PT],
PPG_BM005_1PT_20250724_134300.csv,C:\Users\benja\OneDrive\Desktop\PPG-Veracity\Positive Truth,BM005,Positive,Truth,PPG_BM005_1PT_20250724_134300.csv [PT],
PPG_BM006_1PT_20250724_134512.csv,C:\Users\benja\OneDrive\Desktop\PPG-Veracity\Positive Truth,BM006,Positive,Truth,PPG_BM006_1PT_20250724_134512.csv [PT],
PPG_BM007_1PT_20250724_134720.csv,C:\Users\benja\OneDrive\Desktop\PPG-Veracity\Positive Truth,BM007,Positive,Truth,PPG_BM007_1PT_20250724_134720.csv [PT],
PPG_BM008_1PT_20250724_134934.csv,C:\Users\benja\OneDrive\Desktop\PPG-Veracity\Positive Truth,BM008,Positive,Truth,PPG_BM008_1PT_20250724_134934.csv [PT],
PPG_BM009_1PT_20250724_135146.csv,C:\Users\benja\OneDrive\Desktop\PPG-Veracity\Positive Truth,BM009,Positive,Truth,PPG_BM009_1PT_20250724_135146.csv [PT],
PPG_BM010_1PT_20250724_135411.csv,C:\Users\benja\OneDrive\Desktop\PPG-Veracity\Positive Truth,BM010,Positive,Truth,PPG_BM010_1PT_20250724_135411.csv [PT],
PPG_BM012_1PT_20250724_135628.csv,C:\Users\benja\OneDrive\Desktop\PPG-Veracity\Positive Truth,BM012,Positive,Truth,PPG_BM012_1PT_20250724_135628.csv [PT],
PPG_BM013_1PT_20250724_135843.csv,C:\Users\benja\OneDrive\Desktop\PPG-Veracity\Positive Truth,BM013,Positive,Truth,PPG_BM013_1PT_20250724_135843.csv [PT],
PPG_BM014_1PT_20250724_140101.csv,C:\Users\benja\OneDrive\Desktop\PPG-Veracity\Positive Truth,BM014,Positive,Truth,PPG_BM014_1PT_20250724_140101.csv [PT],
PPG_BM015_1PT_20250724_140312.csv,C:\Users\benja\OneDrive\Desktop\PPG-Veracity\Positive Truth,BM015,Positive,Truth,PPG_BM015_1PT_20250724_140312.csv [PT],
PPG_BM016_1PT_20250724_140534.csv,C:\Users\benja\OneDrive\Desktop\PPG-Veracity\Positive Truth,BM016,Positive,Truth,PPG_BM016_1PT_20250724_140534.csv [PT],
PPG_BM017_1PT_20250724_140759.csv,C:\Users\benja\OneDrive\Desktop\PPG-Veracity\Positive Truth,BM017,Positive,Truth,PPG_BM017_1PT_20250724_140759.csv [PT],
PPG_BM018_1PT_20250724_141023.csv,C:\Users\benja\OneDrive\Desktop\PPG-Veracity\Positive Truth,BM018,Positive,Truth,PPG_BM018_1PT_20250724_141023.csv [PT],
PPG_BM020_1PT_20250724_141307.csv,C:\Users\benja\OneDrive\Desktop\PPG-Veracity\Positive Truth,BM020,Positive,Truth,PPG_BM020_1PT_20250724_141307.csv [PT],
PPG_BM021_1PT_20250724_141532.csv,C:\Users\benja\OneDrive\Desktop\PPG-Veracity\Positive Truth,BM021,Positive,Truth,PPG_BM021_1PT_20250724_141532.csv [PT],
PPG_BM024_1PT_20250724_141804.csv,C:\Users\benja\OneDrive\Desktop\PPG-Veracity\Positive Truth,BM024,Positive,Truth,PPG_BM024_1PT_20250724_141804.csv [PT],
PPG_BM026_1PT_20250724_142027.csv,C:\Users\benja\OneDrive\Desktop\PPG-Veracity\Positive Truth,BM026,Positive,Truth,PPG_BM026_1PT_20250724_142027.csv [PT],
PPG_BM027_1PT_20250724_142259.csv,C:\Users\benja\OneDrive\Desktop\PPG-Veracity\Positive Truth,BM027,Positive,Truth,PPG_BM027_1PT_20250724_142259.csv [PT],
PPG_WF002_1PT_20250724_142526.csv,C:\Users\benja\OneDrive\Desktop\PPG-Veracity\Positive Truth,WF002,Positive,Truth,PPG_WF002_1PT_20250724_142526.csv [PT],
PPG_WF003_1PT_20250724_142734.csv,C:\Users\benja\OneDrive\Desktop\PPG-Veracity\Positive Truth,WF003,Positive,Truth,PPG_WF003_1PT_20250724_142734.csv [PT],
PPG_WF005_1PT_20250724_142948.csv,C:\Users\benja\OneDrive\Desktop\PPG-Veracity\Positive Truth,WF005,Positive,Truth,PPG_WF005_1PT_20250724_142948.csv [PT],
PPG_WF006_1PT_20250724_143211.csv,C:\Users\benja\OneDrive\Desktop\PPG-Veracity\Positive Truth,WF006,Positive,Truth,PPG_WF006_1PT_20250724_143211.csv [PT],
PPG_WF007_1PT_20250724_143443.csv,C:\Users\benja\OneDrive\Desktop\PPG-Veracity\Positive Truth,WF007,Positive,Truth,PPG_WF007_1PT_20250724_143443.csv [PT],
PPG_WF009_1PT_20250724_143713.csv,C:\Users\benja\OneDrive\Desktop\PPG-Veracity\Positive Truth,WF009,Positive,Truth,PPG_WF009_1PT_20250724_143713.csv [PT],
PPG_WF010_1PT_20250724_143938.csv,C:\Users\benja\OneDrive\Desktop\PPG-Veracity\Positive Truth,WF010,Positive,Truth,PPG_WF010_1PT_20250724_143938.csv [PT],
PPG_WF011_1PT_20250724_144156.csv,C:\Users\benja\OneDrive\Desktop\PPG-Veracity\Positive Truth,WF011,Positive,Truth,PPG_WF011_1PT_20250724_144156.csv [PT],
PPG_WF012_1PT_20250724_144423.csv,C:\Users\benja\OneDrive\Desktop\PPG-Veracity\Positive Truth,WF012,Positive,Truth,PPG_WF012_1PT_20250724_144423.csv [PT],
PPG_WF013_1PT_20250724_144650.csv,C:\Users\benja\OneDrive\Desktop\PPG-Veracity\Positive Truth,WF013,Positive,Truth,PPG_WF013_1PT_20250724_144650.csv [PT],
PPG_WF014_1PT_20250724_144904.csv,C:\Users\benja\OneDrive\Desktop\PPG-Veracity\Positive Truth,WF014,Positive,Truth,PPG_WF014_1PT_20250724_144904.csv [PT],
PPG_WF016_1PT_20250724_145121.csv,C:\Users\benja\OneDrive\Desktop\PPG-Veracity\Positive Truth,WF016,Positive,Truth,PPG_WF016_1PT_20250724_145121.csv [PT],
PPG_WF017_1PT_20250724_145343.csv,C:\Users\benja\OneDrive\Desktop\PPG-Veracity\Positive Truth,WF017,Positive,Truth,PPG_WF017_1PT_20250724_145343.csv [PT],
PPG_WF018_1PT_20250724_145605.csv,C:\Users\benja\OneDrive\Desktop\PPG-Veracity\Positive Truth,WF018,Positive,Truth,PPG_WF018_1PT_20250724_145605.csv [PT],
PPG_WF019_1PT_20250724_145817.csv,C:\Users\benja\OneDrive\Desktop\PPG-Veracity\Positive Truth,WF019,Positive,Truth,PPG_WF019_1PT_20250724_145817.csv [PT],
PPG_WF021_1PT_20250724_150048.csv,C:\Users\benja\OneDrive\Desktop\PPG-Veracity\Positive Truth,WF021,Positive,Truth,PPG_WF021_1PT_20250724_150048.csv [PT],
PPG_WF022_1PT_20250724_150311.csv,C:\Users\benja\OneDrive\Desktop\PPG-Veracity\Positive Truth,WF022,Positive,Truth,PPG_WF022_1PT_20250724_150311.csv [PT],
PPG_WF023_1PT_20250724_150529.csv,C:\Users\benja\OneDrive\Desktop\PPG-Veracity\Positive Truth,WF023,Positive,Truth,PPG_WF023_1PT_20250724_150529.csv [PT],
PPG_WF024_1PT_20250724_150804.csv,C:\Users\benja\OneDrive\Desktop\PPG-Veracity\Positive Truth,WF024,Positive,Truth,PPG_WF024_1PT_20250724_150804.csv [PT],
PPG_WF025_1PT_20250724_151023.csv,C:\Users\benja\OneDrive\Desktop\PPG-Veracity\Positive Truth,WF025,Positive,Truth,PPG_WF025_1PT_20250724_151023.csv [PT],
PPG_WM001_PT_20250724_151414.csv,C:\Users\benja\OneDrive\Desktop\PPG-Veracity\Positive Truth,WM001,Positive,Truth,PPG_WM001_PT_20250724_151414.csv [PT],
PPG_WM002_1PT_20250724_151445.csv,C:\Users\benja\OneDrive\Desktop\PPG-Veracity\Positive Truth,WM002,Positive,Truth,PPG_WM002_1PT_20250724_151445.csv [PT],
PPG_WM005_1PT_20250724_151650.csv,C:\Users\benja\OneDrive\Desktop\PPG-Veracity\Positive Truth,WM005,Positive,Truth,PPG_WM005_1PT_20250724_151650.csv [PT],
PPG_WM006_1PT_20250724_151856.csv,C:\Users\benja\OneDrive\Desktop\PPG-Veracity\Positive Truth,WM006,Positive,Truth,PPG_WM006_1PT_20250724_151856.csv [PT],
PPG_WM007_1PT_20250724_152110.csv,C:\Users\benja\OneDrive\Desktop\PPG-Veracity\Positive Truth,WM007,Positive,Truth,PPG_WM007_1PT_20250724_152110.csv [PT],
PPG_WM008_1PT_20250724_152321.csv,C:\Users\benja\OneDrive\Desktop\PPG-Veracity\Positive Truth,WM008,Positive,Truth,PPG_WM008_1PT_20250724_152321.csv [PT],
PPG_WM009_1PT_20250724_152534.csv,C:\Users\benja\OneDrive\Desktop\PPG-Veracity\Positive Truth,WM009,Positive,Truth,PPG_WM009_1PT_20250724_152534.csv [PT],
PPG_WM011_1PT_20250724_152752.csv,C:\Users\benja\OneDrive\Desktop\PPG-Veracity\Positive Truth,WM011,Positive,Truth,PPG_WM011_1PT_20250724_152752.csv [PT],
PPG_WM013_1PT_20250724_153015.csv,C:\Users\benja\OneDrive\Desktop\PPG-Veracity\Positive Truth,WM013,Positive,Truth,PPG_WM013_1PT_20250724_153015.csv [PT],
PPG_WM014_1PT_20250724_153229.csv,C:\Users\benja\OneDrive\Desktop\PPG-Veracity\Positive Truth,WM014,Positive,Truth,PPG_WM014_1PT_20250724_153229.csv [PT],
PPG_WM016_1PT_20250724_153440.csv,C:\Users\benja\OneDrive\Desktop\PPG-Veracity\Positive Truth,WM016,Positive,Truth,PPG_WM016_1PT_20250724_153440.csv [PT],
PPG_WM017_1PT_20250724_153655.csv,C:\Users\benja\OneDrive\Desktop\PPG-Veracity\Positive Truth,WM017,Positive,Truth,PPG_WM017_1PT_20250724_153655.csv [PT],
PPG_WM018_1PT_20250724_153924.csv,C:\Users\benja\OneDrive\Desktop\PPG-Veracity\Positive Truth,WM018,Positive,Truth,PPG_WM018_1PT_20250724_153924.csv [PT],
PPG_WM019_1PT_20250724_154147.csv,C:\Users\benja\OneDrive\Desktop\PPG-Veracity\Positive Truth,WM019,Positive,Truth,PPG_WM019_1PT_20250724_154147.csv [PT],
PPG_WM020_1PT_20250724_154415.csv,C:\Users\benja\OneDrive\Desktop\PPG-Veracity\Positive Truth,WM020,Positive,Truth,PPG_WM020_1PT_20250724_154415.csv [PT],
PPG_WM021_1PT_20250724_154639.csv,C:\Users\benja\OneDrive\Desktop\PPG-Veracity\Positive Truth,WM021,Positive,Truth,PPG_WM021_1PT_20250724_154639.csv [PT],
PPG_WM022_1PT_20250724_154910.csv,C:\Users\benja\OneDrive\Desktop\PPG-Veracity\Positive Truth,WM022,Positive,Truth,PPG_WM022_1PT_20250724_154910.csv [PT],
PPG_WM024_1PT_20250724_155149.csv,C:\Users\benja\OneDrive\Desktop\PPG-Veracity\Positive Truth,WM024,Positive,Truth,PPG_WM024_1PT_20250724_155149.csv [PT],
PPG_WM026_1PT_20250724_155419.csv,C:\Users\benja\OneDrive\Desktop\PPG-Veracity\Positive Truth,WM026,Positive,Truth,PPG_WM026_1PT_20250724_155419.csv [PT],
PPG_WM027_1PT_20250724_155656.csv,C:\Users\benja\OneDrive\Desktop\PPG-Veracity\Positive Truth,WM027,Positive,Truth,PPG_WM027_1PT_20250724_155656.csv [PT],
